City,State Abbreviation,Total Listings,Keyword,Top Keyword Monthly Searches,corporate_monthly_searches,furnished_monthly_searches,short term_monthly_searches,month_monthly_searches,sublet_monthly_searches,by owner_monthly_searches,landlord_monthly_searches,Average Monthly Searches_corporate_monthly_searches,Average Monthly Searches_furnished_monthly_searches,Average Monthly Searches_short term_monthly_searches,Average Monthly Searches_month_monthly_searches,Average Monthly Searches_sublet_monthly_searches,Average Monthly Searches_by owner_monthly_searches,Average Monthly Searches_landlord_monthly_searches
Addison,TX,13,homes for rent by owner addison tx,10,,,,,,,,0.0,0.0,0.0,0.0,0.0,10.0,
Alachua,FL,13,alachua fl corporate housing,0,,,,,,,,0.0,0.0,0.0,0.0,0.0,0.0,
Albuquerque,NM,1242,houses for rent in albuquerque by owner,1300,,,,,,,,210.0,880.0,720.0,260.0,0.0,1300.0,
Alexandria,VA,179,houses for rent by owner in alexandria va,5400,,,,,,,,90.0,260.0,390.0,40.0,50.0,5400.0,10.0
Altamonte Springs,FL,31,houses for rent by owner in altamonte springs,2400,,,,,,,,0.0,10.0,20.0,0.0,0.0,2400.0,
Alva,FL,4,for rent by owner alva fl,10,,,,,,,,0.0,0.0,0.0,0.0,0.0,10.0,
Amherst,NY,7,furnished apartments amherst ny,40,,,,,,,,0.0,40.0,20.0,10.0,0.0,0.0,
Anaheim,CA,97,house for rent by owner anaheim ca,4400,,,,,,,,10.0,70.0,210.0,0.0,0.0,4400.0,
Anna Maria,FL,1,anna maria island for rent by owner,480,,,,,,,,0.0,0.0,140.0,170.0,0.0,480.0,
Annapolis,MD,114,short term rentals annapolis,320,,,,,,,,50.0,90.0,320.0,10.0,0.0,140.0,
Anthony,FL,2,anthony fl corporate housing,0,,,,,,,,0.0,0.0,0.0,0.0,0.0,0.0,
Apalachicola,FL,1,long term rentals near apalachicola fl,50,,,,,,,,0.0,0.0,0.0,20.0,0.0,0.0,
Apollo Beach,FL,22,short term rentals apollo beach fl,20,,,,,,,,0.0,0.0,20.0,20.0,0.0,20.0,
Apopka,FL,29,house for rent in apopka by owner,260,,,,,,,,0.0,10.0,0.0,0.0,0.0,260.0,
Arcadia,FL,2,monthly rentals in arcadia fl,30,,,,,,,,0.0,0.0,0.0,30.0,0.0,20.0,
Archer,FL,1,archer fl corporate housing,0,,,,,,,,0.0,0.0,0.0,0.0,0.0,0.0,
Arlington,VA,137,arlington va short term rentals,480,,,,,,,,170.0,480.0,480.0,50.0,140.0,90.0,
Aspen,CO,1,aspen long term rentals,260,,,,,,,,0.0,0.0,140.0,70.0,0.0,0.0,
Astor,FL,3,astor fl corporate housing,0,,,,,,,,0.0,0.0,0.0,0.0,0.0,0.0,
Atlanta,GA,1126,atlanta apartments furnished,1600,,,,,,,,880.0,1600.0,1600.0,880.0,480.0,1300.0,1000.0
Atlantic Beach,FL,15,for rent by owner atlantic beach fl,10,,,,,,,,0.0,0.0,0.0,0.0,0.0,10.0,
Atlantic City,NJ,29,atlantic city nj corporate housing,0,,,,,,,,0.0,0.0,0.0,0.0,0.0,0.0,
Auburndale,FL,5,houses for rent by owner in auburndale fl,1000,,,,,,,,0.0,0.0,0.0,0.0,0.0,1000.0,
Aurora,CO,366,houses for rent by owner aurora co,4400,,,,,,,,0.0,20.0,170.0,40.0,0.0,4400.0,
Austin,TX,1383,austin tx vacation rental,8100,,,,,,,,720.0,1300.0,2400.0,480.0,390.0,480.0,
Ave Maria,FL,2,monthly rentals in ave maria fl,40,,,,,,,,0.0,0.0,0.0,40.0,0.0,10.0,
Aventura,FL,3,short term rentals aventura,110,,,,,,,,0.0,10.0,110.0,0.0,0.0,40.0,
Avon Park,FL,18,monthly rentals in avon park fl,50,,,,,,,,0.0,0.0,0.0,50.0,0.0,50.0,
Baker,FL,2,baker fl corporate housing,0,,,,,,,,0.0,0.0,0.0,0.0,0.0,0.0,
Baltimore,MD,863,houses for rent by owner baltimore md,8100,,,,,,,,170.0,880.0,390.0,40.0,140.0,8100.0,1900.0
Bar Harbor,ME,22,bar harbor me corporate housing,0,,,,,,,,0.0,0.0,0.0,0.0,0.0,0.0,
Bartow,FL,9,houses for rent by owner bartow fl,1300,,,,,,,,0.0,0.0,0.0,0.0,0.0,1300.0,
Bay Harbor Islands,FL,2,bay harbor islands fl corporate housing,0,,,,,,,,0.0,0.0,0.0,0.0,0.0,0.0,
Bay Pines,FL,1,bay pines fl corporate housing,0,,,,,,,,0.0,0.0,0.0,0.0,0.0,0.0,
Bell,FL,1,bell fl corporate housing,0,,,,,,,,0.0,0.0,0.0,0.0,0.0,0.0,
Belle Isle,FL,3,belle isle fl corporate housing,0,,,,,,,,0.0,0.0,0.0,0.0,0.0,0.0,
Belleair,FL,1,belleair fl corporate housing,0,,,,,,,,0.0,0.0,0.0,0.0,0.0,0.0,
Belleair Beach,FL,2,belleair beach fl corporate housing,0,,,,,,,,0.0,0.0,0.0,0.0,0.0,0.0,
Belleair Bluffs,FL,5,belleair bluffs fl corporate housing,0,,,,,,,,0.0,0.0,0.0,0.0,0.0,0.0,
Belleview,FL,3,belleview fl for rent by owner,20,,,,,,,,0.0,0.0,0.0,0.0,0.0,20.0,
Bellevue,WA,89,bellevue short term rentals,320,,,,,,,,110.0,260.0,320.0,10.0,0.0,170.0,
Benicia,CA,27,benicia homes for rent by owner,110,,,,,,,,0.0,0.0,0.0,0.0,0.0,110.0,
Berkeley,CA,148,berkeley short term rental,260,,,,,,,,0.0,140.0,260.0,10.0,170.0,0.0,
Beverly Hills,FL,3,for rent by owner beverly hills fl,10,,,,,,,,0.0,0.0,0.0,0.0,0.0,10.0,
Big Bear Lake,CA,20,long term rentals big bear ca,320,,,,,,,,0.0,0.0,10.0,40.0,0.0,0.0,
Big Pine Key,FL,5,monthly rentals big pine key fl,10,,,,,,,,0.0,0.0,0.0,10.0,0.0,0.0,
Blountstown,FL,1,blountstown fl corporate housing,0,,,,,,,,0.0,0.0,0.0,0.0,0.0,0.0,
Boca Raton,FL,54,short term furnished rentals boca raton,720,,,,,,,,70.0,720.0,720.0,720.0,0.0,170.0,
Boise,ID,632,boise short term rental,590,,,,,,,,90.0,260.0,590.0,170.0,0.0,320.0,
Bokeelia,FL,4,bokeelia fl corporate housing,0,,,,,,,,0.0,0.0,0.0,0.0,0.0,0.0,
Bonita Springs,FL,67,monthly rentals bonita springs fl,260,,,,,,,,0.0,10.0,70.0,260.0,0.0,260.0,
Boston,MA,596,boston ma short term rentals,3600,,,,,,,,480.0,1000.0,3600.0,480.0,1900.0,320.0,
Boulder,CO,204,boulder co short term rentals,480,,,,,,,,70.0,210.0,480.0,110.0,140.0,40.0,
Boynton Beach,FL,75,houses for rent by owner in boynton beach fl,3600,,,,,,,,0.0,50.0,170.0,90.0,0.0,3600.0,
Bozeman,MT,232,bozeman mt short term rentals,390,,,,,,,,10.0,90.0,390.0,50.0,10.0,10.0,
Bradenton,FL,261,houses for rent by owner bradenton,4400,,,,,,,,10.0,70.0,320.0,590.0,0.0,4400.0,
Bradenton Beach,FL,7,bradenton beach florida vacation rentals by owner,480,,,,,,,,0.0,0.0,0.0,70.0,0.0,480.0,
Brandon,FL,49,houses for rent by owner in brandon fl,2900,,,,,,,,20.0,70.0,50.0,30.0,0.0,2900.0,
Breckenridge,CO,15,long term rentals breckenridge co,260,,,,,,,,0.0,10.0,30.0,70.0,0.0,260.0,
Bristol,FL,1,bristol fl corporate housing,0,,,,,,,,0.0,0.0,0.0,0.0,0.0,0.0,
Bronson,FL,1,bronson fl corporate housing,0,,,,,,,,0.0,0.0,0.0,0.0,0.0,0.0,
Brooksville,FL,20,houses for rent by owner in brooksville fl,1600,,,,,,,,0.0,0.0,30.0,0.0,0.0,1600.0,
Buffalo,NY,261,furnished apartments in buffalo new york,320,,,,,,,,90.0,320.0,320.0,140.0,0.0,0.0,
Bunnell,FL,5,homes for rent by owner bunnell fl,10,,,,,,,,0.0,0.0,0.0,0.0,0.0,10.0,
Bushnell,FL,1,bushnell fl corporate housing,0,,,,,,,,0.0,0.0,0.0,0.0,0.0,0.0,
Callahan,FL,2,for rent by owner callahan fl,10,,,,,,,,0.0,0.0,0.0,0.0,0.0,10.0,
Callaway,FL,2,callaway fl corporate housing,0,,,,,,,,0.0,0.0,0.0,0.0,0.0,0.0,
Cambridge,MA,60,cambridge ma short term rentals,210,,,,,,,,30.0,40.0,210.0,10.0,110.0,40.0,
Cantonment,FL,5,houses for rent by owner in cantonment fl,480,,,,,,,,0.0,0.0,0.0,0.0,0.0,480.0,
Cape Canaveral,FL,42,monthly rentals cape canaveral fl,50,,,,,,,,0.0,10.0,40.0,50.0,0.0,10.0,
Cape Coral,FL,304,short term rentals cape coral,320,,,,,,,,0.0,70.0,320.0,210.0,0.0,260.0,
Carrabelle,FL,6,for rent by owner carrabelle fl,30,,,,,,,,0.0,0.0,0.0,10.0,0.0,30.0,
Casselberry,FL,13,houses for rent by owner in casselberry fl,880,,,,,,,,0.0,0.0,0.0,0.0,0.0,880.0,
Cathedral City,CA,142,houses for rent by owner in cathedral city ca,1000,,,,,,,,0.0,0.0,0.0,0.0,0.0,1000.0,
Celebration,FL,1,for rent by owner celebration fl,50,,,,,,,,0.0,10.0,20.0,10.0,0.0,50.0,
Championsgate,FL,10,championsgate fl corporate housing,0,,,,,,,,0.0,0.0,0.0,0.0,0.0,0.0,
Chandler,AZ,188,house for rent by owner chandler az,6600,,,,,,,,50.0,320.0,320.0,90.0,0.0,6600.0,
Charlotte,NC,1045,charlotte nc short term rentals,1900,,,,,,,,480.0,1000.0,1900.0,1900.0,480.0,1000.0,1600.0
Chattahoochee,FL,1,chattahoochee fl corporate housing,0,,,,,,,,0.0,0.0,0.0,0.0,0.0,0.0,
Chicago,IL,1196,short term apartment rentals chicago,3600,,,,,,,,1000.0,1900.0,3600.0,720.0,2900.0,720.0,2900.0
Chino Hills,CA,5,houses for rent by owner in chino hills ca,90,,,,,,,,0.0,10.0,0.0,0.0,0.0,90.0,
Chipley,FL,1,for rent by owner chipley fl,20,,,,,,,,0.0,0.0,0.0,0.0,0.0,20.0,
Christmas,FL,1,christmas fl corporate housing,0,,,,,,,,0.0,0.0,0.0,0.0,0.0,0.0,
Cincinnati,OH,523,short term lease apartments cincinnati,880,,,,,,,,260.0,390.0,880.0,110.0,140.0,0.0,590.0
Citra,FL,4,citra fl corporate housing,0,,,,,,,,0.0,0.0,0.0,0.0,0.0,0.0,
Citrus Springs,FL,5,citrus springs fl corporate housing,0,,,,,,,,0.0,0.0,0.0,0.0,0.0,0.0,
Clarksville,TN,99,private owner rentals clarksville tn,590,,,,,,,,0.0,140.0,170.0,70.0,0.0,170.0,260.0
Clearwater,FL,192,airbnbs in clearwater florida,720,,,,,,,,20.0,140.0,390.0,320.0,0.0,170.0,10.0
Clearwater Beach,FL,23,airbnbs in clearwater florida,720,,,,,,,,0.0,140.0,390.0,320.0,0.0,20.0,
Clermont,FL,62,house for rent by owner clermont fl,4400,,,,,,,,0.0,20.0,140.0,40.0,0.0,4400.0,
Cleveland,OH,375,houses for rent by owner in cleveland ohio,9900,,,,,,,,260.0,480.0,480.0,40.0,0.0,9900.0,480.0
Cloud Lake,FL,1,cloud lake fl corporate housing,0,,,,,,,,0.0,0.0,0.0,0.0,0.0,0.0,
Cocoa,FL,16,short term rentals cocoa beach fl,210,,,,,,,,0.0,40.0,210.0,210.0,0.0,110.0,
Cocoa Beach,FL,57,cocoa beach florida vacation rentals by owner,1600,,,,,,,,0.0,40.0,210.0,210.0,0.0,1600.0,
Coconut Creek,FL,6,coconut creek fl corporate housing,0,,,,,,,,0.0,0.0,0.0,0.0,0.0,0.0,
College Station,TX,36,college station tx corporate housing,0,,,,,,,,0.0,0.0,0.0,0.0,0.0,0.0,
Columbia,SC,346,houses for rent by owner in west columbia sc,1600,,,,,,,,110.0,390.0,390.0,390.0,170.0,1600.0,880.0
Columbus,OH,685,houses for rent by owner in columbus ohio,18100,,,,,,,,390.0,590.0,720.0,210.0,0.0,18100.0,1600.0
Cooper City,FL,2,for rent by owner cooper city,30,,,,,,,,0.0,0.0,0.0,0.0,0.0,30.0,
Coral Gables,FL,14,coral gables apartments for rent by owner,260,,,,,,,,10.0,210.0,170.0,0.0,0.0,260.0,
Coral Springs,FL,21,houses for rent by owner in coral springs fl,2400,,,,,,,,0.0,10.0,70.0,10.0,0.0,2400.0,
Corpus Christi,TX,170,corpus christi houses for rent by owner,12100,,,,,,,,70.0,480.0,320.0,90.0,0.0,12100.0,
Coxsackie,NY,1,coxsackie ny corporate housing,0,,,,,,,,0.0,0.0,0.0,0.0,0.0,0.0,
Crawfordville,FL,5,for rent by owner crawfordville fl,30,,,,,,,,0.0,0.0,0.0,0.0,0.0,30.0,
Crestview,FL,10,houses for rent by owner crestview fl,2900,,,,,,,,0.0,20.0,40.0,10.0,0.0,2900.0,
Crystal Beach,FL,1,crystal beach fl corporate housing,0,,,,,,,,0.0,0.0,0.0,0.0,0.0,0.0,
Crystal River,FL,24,monthly rentals in crystal river fl,40,,,,,,,,0.0,10.0,40.0,40.0,0.0,10.0,
Cupertino,CA,28,short term rentals cupertino,20,,,,,,,,0.0,20.0,20.0,0.0,0.0,0.0,
Cutler Bay,FL,9,cutler bay fl corporate housing,0,,,,,,,,0.0,0.0,0.0,0.0,0.0,0.0,
Dade City,FL,12,houses for rent in dade city fl by owner,50,,,,,,,,0.0,0.0,0.0,20.0,0.0,50.0,
Dania,FL,1,for rent by owner dania beach,30,,,,,,,,0.0,0.0,0.0,0.0,0.0,30.0,
Dania Beach,FL,22,for rent by owner dania beach,30,,,,,,,,0.0,0.0,0.0,0.0,0.0,30.0,
Davenport,FL,153,house for rent by owner in davenport fl,4400,,,,,,,,0.0,10.0,50.0,30.0,0.0,4400.0,
Davie,FL,16,for rent by owner davie,50,,,,,,,,0.0,0.0,10.0,10.0,0.0,50.0,
Daytona Beach,FL,113,houses for rent by owner in daytona beach fl,4400,,,,,,,,30.0,110.0,260.0,480.0,0.0,4400.0,110.0
Daytona Beach Shores,FL,25,daytona beach shores condos for rent by owner,70,,,,,,,,0.0,0.0,10.0,50.0,0.0,70.0,
Debary,FL,6,house for rent by owner in debary fl,880,,,,,,,,0.0,0.0,0.0,0.0,0.0,880.0,
Deerfield Beach,FL,30,short term rentals deerfield beach,110,,,,,,,,0.0,20.0,110.0,90.0,0.0,110.0,
Defuniak Springs,FL,5,for rent by owner defuniak springs fl,20,,,,,,,,0.0,0.0,0.0,0.0,0.0,20.0,
Deland,FL,17,houses for rent by owner in deland fl,2900,,,,,,,,0.0,10.0,0.0,0.0,0.0,2900.0,
Delray Beach,FL,75,short term rentals delray beach,390,,,,,,,,10.0,140.0,390.0,210.0,10.0,170.0,
Deltona,FL,39,houses for rent in deltona fl by private owner,170,,,,,,,,0.0,0.0,20.0,0.0,0.0,140.0,
Denver,CO,1760,denver co short term rentals,2400,,,,,,,,480.0,1600.0,2400.0,480.0,480.0,880.0,140.0
Destin,FL,87,long term rentals destin fl,480,,,,,,,,10.0,50.0,210.0,320.0,0.0,480.0,
Doral,FL,8,short term rentals doral,30,,,,,,,,10.0,10.0,30.0,0.0,0.0,10.0,
Dundee,FL,1,dundee fl corporate housing,0,,,,,,,,0.0,0.0,0.0,0.0,0.0,0.0,
Dundee,NY,3,dundee ny corporate housing,0,,,,,,,,0.0,0.0,0.0,0.0,0.0,0.0,
Dunedin,FL,94,dunedin fl short term rentals,140,,,,,,,,0.0,30.0,140.0,140.0,0.0,90.0,
Dunnellon,FL,11,dunnellon for rent by owner,50,,,,,,,,0.0,0.0,0.0,40.0,0.0,50.0,
Dunsmuir,CA,9,dunsmuir ca corporate housing,0,,,,,,,,0.0,0.0,0.0,0.0,0.0,0.0,
Eagle Lake,FL,2,eagle lake fl corporate housing,0,,,,,,,,0.0,0.0,0.0,0.0,0.0,0.0,
East Brunswick,NJ,3,homes for rent by owner in east brunswick nj,10,,,,,,,,0.0,0.0,0.0,0.0,0.0,10.0,
Easton,PA,24,houses for rent by owner easton pa,50,,,,,,,,0.0,10.0,0.0,0.0,0.0,50.0,
Eastpoint,FL,2,eastpoint fl corporate housing,0,,,,,,,,0.0,0.0,0.0,0.0,0.0,0.0,
Edgewater,FL,18,for rent by owner edgewater fl,20,,,,,,,,0.0,0.0,0.0,10.0,0.0,20.0,
El Segundo,CA,19,short term rentals el segundo ca,20,,,,,,,,0.0,0.0,20.0,0.0,0.0,0.0,
El portal,FL,1,el portal fl corporate housing,0,,,,,,,,0.0,0.0,0.0,0.0,0.0,0.0,
Elkton,FL,1,elkton fl corporate housing,0,,,,,,,,0.0,0.0,0.0,0.0,0.0,0.0,
Ellenton,FL,9,ellenton florida rentals monthly,10,,,,,,,,0.0,0.0,0.0,10.0,0.0,0.0,
Ellicottville,NY,3,ellicottville ny corporate housing,0,,,,,,,,0.0,0.0,0.0,0.0,0.0,0.0,
Englewood,CO,112,short term rentals englewood co,20,,,,,,,,0.0,0.0,20.0,0.0,0.0,10.0,
Englewood,FL,61,monthly rentals englewood fl,170,,,,,,,,0.0,70.0,50.0,170.0,0.0,0.0,
Estero,FL,18,monthly rentals in estero florida,90,,,,,,,,0.0,10.0,10.0,90.0,0.0,40.0,
Eustis,FL,6,houses for rent by owner in eustis fl,1000,,,,,,,,0.0,0.0,0.0,0.0,0.0,1000.0,
Fernandina Beach,FL,27,fernandina beach long term rentals,320,,,,,,,,0.0,10.0,50.0,90.0,0.0,110.0,
Flagler Beach,FL,9,long term rentals flagler beach,110,,,,,,,,0.0,0.0,20.0,30.0,0.0,70.0,
Fleming Island,FL,7,houses for rent by owner 32003,20,,,,,,,,0.0,0.0,10.0,0.0,0.0,20.0,
Floral City,FL,5,floral city fl corporate housing,0,,,,,,,,0.0,0.0,0.0,0.0,0.0,0.0,
Florida CIty,FL,4,doral short term rentals,30,,,,,,,,0.0,10.0,30.0,10.0,0.0,0.0,
Fort Collins,CO,230,fort collins houses for rent by owner,6600,,,,,,,,30.0,480.0,480.0,110.0,70.0,6600.0,
Fort Lauderdale,FL,346,fort lauderdale short term rentals,1300,,,,,,,,170.0,390.0,1300.0,480.0,0.0,170.0,
Fort Mc Coy,FL,1,fort mc coy fl corporate housing,0,,,,,,,,0.0,0.0,0.0,0.0,0.0,0.0,
Fort Myers,FL,419,fort myers houses for rent by owner,6600,,,,,,,,30.0,260.0,880.0,590.0,0.0,6600.0,
Fort Myers Beach,FL,11,fort myers beach short term rentals,880,,,,,,,,0.0,10.0,880.0,170.0,0.0,170.0,
Fort Pierce,FL,70,houses for rent for $600 a month in fort pierce,320,,,,,,,,0.0,10.0,10.0,320.0,0.0,0.0,
Fort Walton Beach,FL,108,long term rentals fort walton beach,210,,,,,,,,10.0,40.0,140.0,40.0,0.0,170.0,
Fort White,FL,1,fort white fl corporate housing,0,,,,,,,,0.0,0.0,0.0,0.0,0.0,0.0,
Fountain Valley,CA,28,fountain valley short term rental,10,,,,,,,,0.0,0.0,10.0,0.0,0.0,0.0,
Four Corners,FL,5,four corners fl corporate housing,0,,,,,,,,0.0,0.0,0.0,0.0,0.0,0.0,
Freedom,NH,2,freedom nh corporate housing,0,,,,,,,,0.0,0.0,0.0,0.0,0.0,0.0,
Freeport,FL,5,for rent by owner freeport fl,70,,,,,,,,0.0,0.0,0.0,0.0,0.0,70.0,
Fresno,CA,346,houses for rent by owner in fresno ca,14800,,,,,,,,0.0,140.0,170.0,30.0,0.0,14800.0,10.0
Frisco,TX,62,houses for rent by owner frisco tx,4400,,,,,,,,70.0,170.0,210.0,10.0,0.0,4400.0,
Fruitland Park,FL,3,houses for rent in fruitland park fl by owner,10,,,,,,,,0.0,0.0,0.0,0.0,0.0,10.0,
Gainesville,FL,227,furnished apartments in gainesville fl,590,,,,,,,,0.0,590.0,390.0,140.0,0.0,170.0,10.0
Galveston,TX,162,houses for rent by owner galveston tx,5400,,,,,,,,10.0,110.0,260.0,110.0,0.0,5400.0,
Geneva,FL,2,geneva fl corporate housing,0,,,,,,,,0.0,0.0,0.0,0.0,0.0,0.0,
Georgetown,FL,1,georgetown fl corporate housing,0,,,,,,,,0.0,0.0,0.0,0.0,0.0,0.0,
Gibsonton,FL,6,homes for rent by owner gibsonton fl,10,,,,,,,,0.0,0.0,0.0,0.0,0.0,10.0,
Goleta,CA,43,studio rental by private owner goleta ca,20,,,,,,,,0.0,10.0,0.0,0.0,0.0,10.0,
Gotha,FL,2,gotha fl corporate housing,0,,,,,,,,0.0,0.0,0.0,0.0,0.0,0.0,
Grant,FL,2,grant fl corporate housing,0,,,,,,,,0.0,0.0,0.0,0.0,0.0,0.0,
Green Cove Springs,FL,4,green cove springs fl corporate housing,0,,,,,,,,0.0,0.0,0.0,0.0,0.0,0.0,
Greenacres,FL,5,greenacres fl corporate housing,0,,,,,,,,0.0,0.0,0.0,0.0,0.0,0.0,
Greensboro,NC,271,homes for rent in greensboro nc by private owners,1600,,,,,,,,90.0,320.0,390.0,110.0,50.0,260.0,720.0
Groveland,FL,7,for rent by owner groveland fl,40,,,,,,,,0.0,0.0,0.0,0.0,0.0,40.0,
Gulf Breeze,FL,45,houses for rent by owner in gulf breeze fl,1300,,,,,,,,0.0,10.0,0.0,10.0,0.0,1300.0,
Gulfport,FL,49,private owner rentals in gulfport florida,70,,,,,,,,0.0,10.0,30.0,10.0,0.0,10.0,
Haines City,FL,31,houses for rent by owner in haines city fl,1600,,,,,,,,0.0,0.0,20.0,0.0,0.0,1600.0,
Hallandale,FL,6,houses for rent by owner in hallandale fl,590,,,,,,,,0.0,10.0,40.0,10.0,0.0,590.0,
Hallandale Beach,FL,16,houses for rent by owner in hallandale fl,590,,,,,,,,0.0,10.0,40.0,10.0,0.0,590.0,
Havana,FL,1,for rent by owner havana fl,30,,,,,,,,0.0,0.0,0.0,0.0,0.0,30.0,
Hawthorne,FL,3,hawthorne fl corporate housing,0,,,,,,,,0.0,0.0,0.0,0.0,0.0,0.0,
Healdsburg,CA,47,short term rentals healdsburg ca,20,,,,,,,,0.0,0.0,20.0,0.0,0.0,0.0,
Henderson,NV,214,house for rent by owner henderson nv,12100,,,,,,,,0.0,210.0,390.0,140.0,0.0,12100.0,
Hernando,FL,11,for rent by owner hernando county fl,10,,,,,,,,0.0,0.0,0.0,0.0,0.0,10.0,
Hernando Beach,FL,3,hernando beach fl corporate housing,0,,,,,,,,0.0,0.0,0.0,0.0,0.0,0.0,
Hialeah,FL,15,houses for rent by owner in hialeah fl,1300,,,,,,,,0.0,0.0,0.0,0.0,0.0,1300.0,
High Springs,FL,5,high springs fl corporate housing,0,,,,,,,,0.0,0.0,0.0,0.0,0.0,0.0,
Highland,NY,9,highland ny corporate housing,0,,,,,,,,0.0,0.0,0.0,0.0,0.0,0.0,
Highland Beach,FL,1,furnished seasonal rentals highland beach fl,20,,,,,,,,0.0,20.0,0.0,10.0,0.0,0.0,
Hobe Sound,FL,10,hobe sound fl corporate housing,0,,,,,,,,0.0,0.0,0.0,0.0,0.0,0.0,
Holiday,FL,16,long term holiday rentals florida,210,,,,,,,,0.0,0.0,50.0,10.0,0.0,40.0,
Hollister,FL,1,hollister fl short term apartment rentals,0,,,,,,,,,0.0,0.0,,,0.0,
Holly Hill,FL,7,for rent by owner holly hill fl,10,,,,,,,,0.0,0.0,0.0,0.0,0.0,10.0,
Hollywood,FL,139,house for rent by owner hollywood fl,3600,,,,,,,,0.0,50.0,260.0,140.0,0.0,3600.0,
Hollywood Beach,FL,5,hollywood beach rentals by owner,70,,,,,,,,0.0,10.0,10.0,30.0,0.0,70.0,
Holmes Beach,FL,11,monthly rentals holmes beach fl,30,,,,,,,,0.0,0.0,0.0,30.0,0.0,0.0,
Homestead,FL,19,furnished apartments for rent in homestead fl,10,,,,,,,,0.0,10.0,0.0,0.0,0.0,0.0,
Homosassa,FL,10,monthly rentals homosassa florida,50,,,,,,,,0.0,10.0,10.0,50.0,0.0,30.0,
Homosassa Springs,FL,2,homosassa springs fl corporate housing,0,,,,,,,,0.0,0.0,0.0,0.0,0.0,0.0,
Honolulu,HI,532,short term rentals honolulu,880,,,,,,,,70.0,320.0,880.0,260.0,50.0,90.0,
Houston,TX,1203,furnished apt houston,1900,,,,,,,,1300.0,1900.0,1600.0,1000.0,480.0,1600.0,390.0
Howey In The Hills,FL,4,howey in the hills fl corporate housing,0,,,,,,,,0.0,0.0,0.0,0.0,0.0,0.0,
Hudson,FL,45,houses for rent in hudson fl by owner,110,,,,,,,,0.0,0.0,30.0,10.0,0.0,110.0,
Huntington Beach,CA,167,short term rentals huntington beach,260,,,,,,,,10.0,50.0,260.0,10.0,0.0,70.0,
Hurley,NY,1,hurley ny corporate housing,0,,,,,,,,0.0,0.0,0.0,0.0,0.0,0.0,
Hutchinson Island,FL,12,long term rentals hutchinson island florida,170,,,,,,,,0.0,0.0,20.0,70.0,0.0,10.0,
Hypoluxo,FL,3,hypoluxo fl corporate housing,0,,,,,,,,0.0,0.0,0.0,0.0,0.0,0.0,
Indialantic,FL,11,short term rentals indialantic fl,10,,,,,,,,0.0,0.0,10.0,0.0,0.0,0.0,
Indian Harbour Beach,FL,9,for rent by owner indian harbour beach fl,10,,,,,,,,0.0,0.0,0.0,0.0,0.0,10.0,
Indian Rocks Beach,FL,25,indian rocks beach monthly rentals,210,,,,,,,,0.0,0.0,40.0,210.0,0.0,0.0,
Indian Shores,FL,11,monthly rentals indian shores florida,20,,,,,,,,0.0,0.0,0.0,20.0,0.0,0.0,
Indiantown,FL,1,for rent by owner indiantown fl,10,,,,,,,,0.0,0.0,0.0,0.0,0.0,10.0,
Indio,CA,127,indio ca short term rentals,170,,,,,,,,0.0,10.0,170.0,10.0,0.0,10.0,
Inglewood,CA,146,short term rentals inglewood ca,10,,,,,,,,0.0,0.0,10.0,0.0,0.0,0.0,
Inglis,FL,2,inglis fl corporate housing,0,,,,,,,,0.0,0.0,0.0,0.0,0.0,0.0,
Inlet Beach,FL,3,inlet beach fl corporate housing,0,,,,,,,,0.0,0.0,0.0,0.0,0.0,0.0,
Interlachen,FL,3,for rent by owner in interlachen fl,50,,,,,,,,0.0,0.0,0.0,0.0,0.0,50.0,
Inverness,FL,27,monthly rentals in inverness fl,70,,,,,,,,0.0,0.0,0.0,70.0,0.0,30.0,
Irvine,CA,69,short term rentals irvine,390,,,,,,,,110.0,210.0,390.0,10.0,70.0,40.0,
Irving,TX,100,irving houses for rent by owner,320,,,,,,,,70.0,170.0,20.0,10.0,0.0,320.0,20.0
Islamorada,FL,7,long term rentals islamorada fl,90,,,,,,,,0.0,0.0,20.0,40.0,0.0,10.0,
Ithaca,NY,38,ithaca short term rentals,170,,,,,,,,0.0,10.0,170.0,10.0,90.0,40.0,
Jacksonville,FL,532,houses for rent by owner in jacksonville,12100,,,,,,,,260.0,590.0,1600.0,590.0,90.0,12100.0,260.0
Jacksonville Beach,FL,56,short term rentals jacksonville beach,110,,,,,,,,0.0,10.0,110.0,110.0,0.0,90.0,
Jamaica Beach,TX,1,jamaica beach tx corporate housing,0,,,,,,,,0.0,0.0,0.0,0.0,0.0,0.0,
Jensen Beach,FL,50,houses for rent by owner in jensen beach fl,720,,,,,,,,0.0,0.0,40.0,40.0,0.0,720.0,
Jersey City,NJ,102,short term lease apartments in new jersey,1900,,,,,,,,90.0,720.0,1900.0,50.0,320.0,720.0,
Juno Beach,FL,2,monthly rentals in juno beach florida,50,,,,,,,,0.0,10.0,10.0,50.0,0.0,0.0,
Jupiter,FL,48,short term rentals jupiter,210,,,,,,,,10.0,50.0,210.0,140.0,0.0,90.0,
Kansas City,MO,511,houses for rent by owner kcmo,12100,,,,,,,,320.0,390.0,1000.0,40.0,0.0,12100.0,720.0
Kendall,FL,4,house for rent by owner in kendall miami,40,,,,,,,,0.0,10.0,30.0,0.0,0.0,40.0,
Kennebunkport,ME,17,kennebunkport me corporate housing,0,,,,,,,,0.0,0.0,0.0,0.0,0.0,0.0,
Key Biscayne,FL,1,key biscayne rentals short term,90,,,,,,,,0.0,0.0,90.0,0.0,0.0,0.0,
Key Colony Beach,FL,2,key colony key biscayne short term rentals,10,,,,,,,,0.0,0.0,10.0,0.0,0.0,0.0,
Key Largo,FL,16,key largo long term rentals,210,,,,,,,,0.0,0.0,20.0,10.0,0.0,0.0,
Key West,FL,57,key west rentals long term,1000,,,,,,,,0.0,10.0,320.0,590.0,0.0,880.0,
Killington,VT,12,killington monthly rentals,10,,,,,,,,0.0,0.0,0.0,10.0,0.0,0.0,
Kingston,NY,17,short term rentals kingston ny,20,,,,,,,,0.0,10.0,20.0,0.0,0.0,10.0,
Kirkland,WA,114,houses for rent by owner in kirkland wa,1600,,,,,,,,10.0,70.0,110.0,0.0,0.0,1600.0,
Kissimmee,FL,218,corporate housing kissimmee fl,10,,,,,,,,10.0,,,,,,
La Mirada,CA,5,la mirada ca corporate housing,0,,,,,,,,0.0,0.0,0.0,0.0,0.0,0.0,
La Quinta,CA,129,la quinta ca short term rentals,210,,,,,,,,0.0,10.0,210.0,40.0,0.0,30.0,
La Verne,CA,7,homes for rent by owner la verne ca,10,,,,,,,,0.0,0.0,0.0,0.0,0.0,10.0,
Labelle,FL,2,monthly rentals in labelle fl,50,,,,,,,,0.0,0.0,0.0,50.0,0.0,30.0,
Lady Lake,FL,15,for rent by owner near lady lake fl,30,,,,,,,,0.0,0.0,0.0,0.0,0.0,30.0,
Laguna Beach,CA,44,laguna beach short term rentals,210,,,,,,,,10.0,20.0,210.0,90.0,0.0,40.0,
Lake Alfred,FL,5,lake alfred fl corporate housing,0,,,,,,,,0.0,0.0,0.0,0.0,0.0,0.0,
Lake Butler,FL,3,lake butler fl corporate housing,0,,,,,,,,0.0,0.0,0.0,0.0,0.0,0.0,
Lake City,FL,12,furnished monthly rentals in lake city fl,20,,,,,,,,0.0,20.0,0.0,20.0,0.0,0.0,
Lake Helen,FL,3,lake helen fl corporate housing,0,,,,,,,,0.0,0.0,0.0,0.0,0.0,0.0,
Lake Mary,FL,12,homes for rent by owner lake mary fl,90,,,,,,,,10.0,10.0,10.0,10.0,0.0,90.0,
Lake Panasoffkee,FL,2,lake panasoffkee fl corporate housing,0,,,,,,,,0.0,0.0,0.0,0.0,0.0,0.0,
Lake Park,FL,2,for rent by owner lake wales fl,10,,,,,,,,0.0,0.0,0.0,0.0,0.0,10.0,
Lake Placid,FL,12,lake placid fl corporate housing,0,,,,,,,,0.0,0.0,0.0,0.0,0.0,0.0,
Lake Suzy,FL,1,lake suzy fl corporate housing,0,,,,,,,,0.0,0.0,0.0,0.0,0.0,0.0,
Lake Wales,FL,6,lake wales homes for rent by owner,90,,,,,,,,0.0,10.0,10.0,40.0,0.0,90.0,
Lake Worth,FL,134,short term rentals lake worth fl,30,,,,,,,,0.0,10.0,30.0,10.0,0.0,0.0,
Lakeland,FL,81,for rent by owner in lakeland fl,320,,,,,,,,0.0,170.0,170.0,50.0,0.0,320.0,10.0
Lanark Village,FL,2,lanark village fl corporate housing,0,,,,,,,,0.0,0.0,0.0,0.0,0.0,0.0,
Land O Lakes,FL,11,houses for rent in land o lakes fl by owner,50,,,,,,,,0.0,0.0,0.0,0.0,0.0,50.0,
Lantana,FL,31,for rent by owner lantana fl,20,,,,,,,,0.0,0.0,0.0,0.0,0.0,20.0,
Largo,FL,105,houses for rent by owner in largo fl,1900,,,,,,,,0.0,30.0,40.0,70.0,0.0,1900.0,
Las Vegas,NV,932,las vegas nv short term rentals,2900,,,,,,,,480.0,1600.0,2900.0,2400.0,0.0,2900.0,260.0
Lauderdale Lakes,FL,6,lauderdale lakes fl corporate housing,0,,,,,,,,0.0,0.0,0.0,0.0,0.0,0.0,
Lauderdale-By-The-Sea,FL,3,lauderdale by the sea monthly rentals,70,,,,,,,,0.0,0.0,50.0,70.0,0.0,50.0,
Lauderhill,FL,16,house for rent by owner in lauderhill,10,,,,,,,,0.0,0.0,0.0,0.0,0.0,10.0,
Laurel Hill,FL,1,laurel hill fl corporate housing,0,,,,,,,,0.0,0.0,0.0,0.0,0.0,0.0,
League City,TX,18,houses for rent by owner in league city tx,2900,,,,,,,,0.0,40.0,0.0,0.0,0.0,2900.0,
Lecanto,FL,1,lecanto fl corporate housing,0,,,,,,,,0.0,0.0,0.0,0.0,0.0,0.0,
Lee,FL,3,houses for rent in lehigh acres fl by owner,90,,,,,,,,0.0,0.0,0.0,0.0,0.0,90.0,
Leesburg,FL,21,houses for rent by owner in leesburg fl,2400,,,,,,,,0.0,10.0,40.0,30.0,0.0,2400.0,
Lehigh Acres,FL,32,for rent by owner in lehigh acres fl,110,,,,,,,,0.0,0.0,10.0,20.0,0.0,110.0,
Lexington,KY,477,house for rent by owner lexington ky,12100,,,,,,,,50.0,320.0,390.0,140.0,30.0,12100.0,390.0
Lighthouse Point,FL,5,for rent by owner lighthouse point fl,10,,,,,,,,0.0,0.0,0.0,0.0,0.0,10.0,
Lincoln,NH,3,lincoln nh corporate housing,0,,,,,,,,0.0,0.0,0.0,0.0,0.0,0.0,
Lloyd,FL,1,lloyd fl corporate housing,0,,,,,,,,0.0,0.0,0.0,0.0,0.0,0.0,
Long Beach,CA,444,short term apartment rentals long beach ca,480,,,,,,,,50.0,170.0,480.0,70.0,90.0,260.0,10.0
Long Key,FL,1,key west rentals long term,1000,,,,,,,,0.0,10.0,0.0,0.0,0.0,140.0,
Longboat Key,FL,12,monthly rentals in longboat key florida,110,,,,,,,,0.0,0.0,70.0,110.0,0.0,10.0,
Longwood,FL,19,houses for rent by owner in longwood fl,1300,,,,,,,,0.0,0.0,0.0,0.0,0.0,1300.0,
Los Angeles,CA,1368,craigslist los angeles apartments by owner,8100,,,,,,,,1000.0,1600.0,3600.0,1000.0,1900.0,8100.0,90.0
Louisville,KY,675,houses for rent by owner in louisville ky,18100,,,,,,,,20.0,480.0,720.0,170.0,40.0,18100.0,720.0
Loxahatchee,FL,10,houses for rent by owner in loxahatchee fl,10,,,,,,,,0.0,0.0,0.0,0.0,0.0,10.0,
Lutz,FL,20,houses for rent by owner in lutz fl,1300,,,,,,,,0.0,10.0,0.0,0.0,0.0,1300.0,
Lynn Haven,FL,6,houses for rent by owner in lynn haven fl,720,,,,,,,,0.0,10.0,10.0,0.0,0.0,720.0,
Madeira Beach,FL,20,madeira beach condos for rent by owner,110,,,,,,,,0.0,0.0,20.0,90.0,0.0,110.0,
Madison,WI,251,sublets madison wi,590,,,,,,,,140.0,480.0,480.0,210.0,590.0,0.0,480.0
Maitland,FL,6,houses for rent by owner in maitland fl,590,,,,,,,,0.0,10.0,10.0,0.0,0.0,590.0,
Malabar,FL,1,malabar fl corporate housing,0,,,,,,,,0.0,0.0,0.0,0.0,0.0,0.0,
Malibu,CA,8,short term rentals malibu california,140,,,,,,,,0.0,20.0,140.0,10.0,0.0,0.0,
Mango,FL,1,mango fl corporate housing,0,,,,,,,,0.0,0.0,0.0,0.0,0.0,0.0,
Manhattan Beach,CA,24,short term rental manhattan beach,170,,,,,,,,0.0,20.0,170.0,0.0,0.0,0.0,
Marathon,FL,14,monthly rentals in marathon florida,260,,,,,,,,0.0,0.0,10.0,260.0,0.0,140.0,
Marco Island,FL,14,marco island rental by owner,320,,,,,,,,0.0,0.0,50.0,260.0,0.0,320.0,
Margate,FL,13,houses for rent by owner in margate fl,880,,,,,,,,0.0,0.0,0.0,0.0,0.0,880.0,
Marianna,FL,7,homes for rent by owner in marianna fl,20,,,,,,,,0.0,0.0,0.0,0.0,0.0,20.0,
Mary Esther,FL,20,for rent by owner mary esther fl,10,,,,,,,,0.0,0.0,0.0,0.0,0.0,10.0,
Matlacha Isles,FL,1,matlacha isles fl corporate housing,0,,,,,,,,0.0,0.0,0.0,0.0,0.0,0.0,
Maui,HI,3,long term rentals maui hi,1300,,,,,,,,0.0,30.0,1000.0,50.0,0.0,1000.0,
Melbourne,FL,103,house for rent by owner melbourne,5400,,,,,,,,0.0,260.0,260.0,170.0,0.0,5400.0,
Melbourne Beach,FL,20,melbourne beach fl rentals by owner,70,,,,,,,,0.0,0.0,20.0,30.0,0.0,70.0,
Melrose,FL,2,for rent by owner melrose fl,10,,,,,,,,0.0,0.0,0.0,0.0,0.0,10.0,
Merritt Island,FL,24,houses for rent by owner in merritt island fl,1000,,,,,,,,0.0,10.0,40.0,10.0,0.0,1000.0,
Mexico Beach,FL,1,long term rentals mexico beach fl,170,,,,,,,,0.0,0.0,0.0,0.0,0.0,10.0,
Miami,FL,568,house for rent by owner miami fl,18100,,,,,,,,390.0,1900.0,2900.0,880.0,590.0,18100.0,
Miami Beach,FL,73,rent apartment miami beach short term,720,,,,,,,,20.0,110.0,720.0,210.0,50.0,70.0,
Miami Gardens,FL,21,houses for rent in miami gardens by owner,50,,,,,,,,0.0,0.0,0.0,0.0,0.0,50.0,
Miami Lakes,FL,5,miami lakes rentals by owner,30,,,,,,,,0.0,0.0,0.0,0.0,0.0,30.0,
Miami Springs,FL,1,miami springs fl corporate housing,0,,,,,,,,0.0,0.0,0.0,0.0,0.0,0.0,
Miami shores,FL,1,miami shores fl corporate housing,0,,,,,,,,0.0,0.0,0.0,0.0,0.0,0.0,
Micanopy,FL,9,micanopy fl corporate housing,0,,,,,,,,0.0,0.0,0.0,0.0,0.0,0.0,
Micco,FL,3,micco fl corporate housing,0,,,,,,,,0.0,0.0,0.0,0.0,0.0,0.0,
Mid Florida,FL,1,mid florida fl corporate housing,0,,,,,,,,0.0,0.0,0.0,0.0,0.0,0.0,
Middleburg,FL,10,private rentals in middleburg fl,110,,,,,,,,0.0,0.0,0.0,0.0,0.0,0.0,
Middletown,RI,26,middletown ri short term rentals,30,,,,,,,,0.0,0.0,30.0,0.0,0.0,20.0,
Mill Valley,CA,34,mill valley ca corporate housing,0,,,,,,,,0.0,0.0,0.0,0.0,0.0,0.0,
Milton,FL,18,house for rent by owner milton fl,1900,,,,,,,,0.0,20.0,30.0,20.0,0.0,1900.0,
Mims,FL,1,for rent by owner mims fl,10,,,,,,,,0.0,0.0,0.0,0.0,0.0,10.0,
Minneapolis,MN,445,short term rentals minneapolis,880,,,,,,,,210.0,590.0,880.0,320.0,20.0,110.0,210.0
Minneola,FL,7,houses for rent in minneola fl by owner,20,,,,,,,,0.0,0.0,0.0,0.0,0.0,20.0,
Miramar,FL,34,houses for rent by owner in miramar florida,2400,,,,,,,,0.0,10.0,40.0,10.0,0.0,2400.0,
Miramar Beach,FL,47,houses for rent by owner in miramar florida,2400,,,,,,,,0.0,10.0,10.0,10.0,0.0,2400.0,
Miromar Lakes,FL,1,miromar lakes fl corporate housing,0,,,,,,,,0.0,0.0,0.0,0.0,0.0,0.0,
Missoula,MT,169,houses for rent by owner in missoula mt,4400,,,,,,,,0.0,50.0,170.0,40.0,0.0,4400.0,390.0
Montverde,FL,2,montverde fl corporate housing,0,,,,,,,,0.0,0.0,0.0,0.0,0.0,0.0,
Morriston,FL,1,morriston fl corporate housing,0,,,,,,,,0.0,0.0,0.0,0.0,0.0,0.0,
Morro Bay,CA,39,long term rentals morro bay ca,140,,,,,,,,0.0,0.0,20.0,0.0,0.0,0.0,
Mount Dora,FL,23,for rent by owner mount dora fl,50,,,,,,,,0.0,0.0,10.0,20.0,0.0,50.0,
Mountain View,CA,58,mountain view short term rentals,140,,,,,,,,70.0,110.0,140.0,0.0,40.0,30.0,
Mulberry,FL,5,for rent by owner mulberry fl,20,,,,,,,,0.0,0.0,0.0,0.0,0.0,20.0,
Naples,FL,373,monthly rentals in naples florida,1000,,,,,,,,0.0,140.0,590.0,1000.0,0.0,590.0,
Nashville,TN,1305,short term rentals nashville,1900,,,,,,,,480.0,1000.0,1900.0,480.0,20.0,390.0,590.0
Navarre,FL,55,rent by owner navarre beach florida,1900,,,,,,,,0.0,10.0,40.0,10.0,0.0,1900.0,
Neptune Beach,FL,11,for rent by owner neptune beach fl,30,,,,,,,,0.0,0.0,0.0,0.0,0.0,30.0,
New Orleans,LA,968,houses for rent by owner in new orleans,12100,,,,,,,,210.0,390.0,110.0,320.0,140.0,12100.0,
New Port Richey,FL,58,houses for rent in new port richey by owner,90,,,,,,,,0.0,0.0,70.0,70.0,0.0,90.0,
New Smyrna Beach,FL,59,houses for rent by owner in new smyrna beach fl,480,,,,,,,,0.0,10.0,210.0,210.0,0.0,480.0,
New York,NY,691,short term rentals nyc,9900,,,,,,,,1300.0,3600.0,9900.0,2400.0,9900.0,8100.0,110.0
Newberry,FL,2,for rent by owner newberry fl,10,,,,,,,,0.0,0.0,0.0,0.0,0.0,10.0,
Newport Beach,CA,67,short term rentals newport beach,320,,,,,,,,40.0,70.0,320.0,90.0,0.0,10.0,
Niceville,FL,17,homes for rent in niceville fl by owner,70,,,,,,,,0.0,10.0,40.0,0.0,0.0,70.0,
Nobleton,FL,1,nobleton fl corporate housing,0,,,,,,,,0.0,0.0,0.0,0.0,0.0,0.0,
Nokomis,FL,34,nokomis fl rentals by owner,90,,,,,,,,0.0,0.0,0.0,70.0,0.0,90.0,
North Bay Village,FL,1,north bay village fl corporate housing,0,,,,,,,,0.0,0.0,0.0,0.0,0.0,0.0,
North Fort Myers,FL,50,north fort myers homes for rent by owner,140,,,,,,,,0.0,0.0,0.0,20.0,0.0,140.0,
North Hollywood,CA,113,furnished apartments in north hollywood ca,30,,,,,,,,0.0,30.0,0.0,0.0,0.0,0.0,
North Las Vegas,NV,72,houses for rent by owner in north las vegas,2900,,,,,,,,0.0,70.0,0.0,0.0,0.0,2900.0,
North Lauderdale,FL,6,for rent by owner north lauderdale,10,,,,,,,,0.0,0.0,0.0,0.0,0.0,10.0,
North Miami,FL,17,house for rent in north miami by owner,40,,,,,,,,0.0,0.0,0.0,0.0,0.0,40.0,
North Miami Beach,FL,14,short term rentals north miami beach,20,,,,,,,,0.0,0.0,20.0,0.0,0.0,10.0,
North Palm Beach,FL,28,monthly rentals north palm beach,10,,,,,,,,0.0,10.0,0.0,10.0,0.0,0.0,
North Port,FL,42,houses for rent by owner in north port fl,2900,,,,,,,,0.0,20.0,40.0,10.0,0.0,2900.0,
North Redington Beach,FL,1,north redington beach fl corporate housing,0,,,,,,,,0.0,0.0,0.0,0.0,0.0,0.0,
Oak Hill,FL,1,oak hill fl corporate housing,0,,,,,,,,0.0,0.0,0.0,0.0,0.0,0.0,
Oakland,CA,805,short term apartment rentals oakland ca,260,,,,,,,,0.0,30.0,260.0,10.0,70.0,40.0,
Oakland,FL,2,houses for rent by owner in oakland park fl,20,,,,,,,,0.0,0.0,0.0,0.0,0.0,20.0,
Oakland Park,FL,35,houses for rent by owner in oakland park fl,20,,,,,,,,0.0,0.0,0.0,0.0,0.0,20.0,
Ocala,FL,126,houses for rent by owner ocala,9900,,,,,,,,10.0,110.0,320.0,110.0,0.0,9900.0,
Ocean Ridge,FL,1,ocean ridge fl corporate housing,0,,,,,,,,0.0,0.0,0.0,0.0,0.0,0.0,
Ocklawaha,FL,6,ocklawaha fl corporate housing,0,,,,,,,,0.0,0.0,0.0,0.0,0.0,0.0,
Ocoee,FL,21,houses for rent by owner in ocoee fl,1600,,,,,,,,0.0,0.0,0.0,0.0,0.0,1600.0,
Odessa,FL,6,odessa fl homes for rent by owner,10,,,,,,,,0.0,0.0,0.0,0.0,0.0,10.0,
Okahumpka,FL,3,okahumpka fl corporate housing,0,,,,,,,,0.0,0.0,0.0,0.0,0.0,0.0,
Okaloosa Island,FL,2,okaloosa island long term rentals,40,,,,,,,,0.0,0.0,0.0,0.0,0.0,0.0,
Okeechobee,FL,3,for rent by owner okeechobee fl,110,,,,,,,,0.0,20.0,10.0,90.0,0.0,110.0,
Oklahoma City,OK,463,house for rent by owner okc,12100,,,,,,,,0.0,590.0,720.0,140.0,0.0,12100.0,110.0
Old Orchard Beach,ME,175,monthly rentals old orchard beach maine,30,,,,,,,,0.0,0.0,20.0,30.0,0.0,0.0,
Old Town,FL,1,old town fl corporate housing,0,,,,,,,,0.0,0.0,0.0,0.0,0.0,0.0,
Oldsmar,FL,7,for rent by owner in oldsmar fl,30,,,,,,,,0.0,0.0,0.0,0.0,0.0,30.0,
Omaha,NE,644,house for rent by owner omaha ne,18100,,,,,,,,50.0,390.0,320.0,140.0,0.0,18100.0,480.0
Oneonta,NY,31,furnished apartments for rent in oneonta ny,10,,,,,,,,0.0,10.0,0.0,0.0,0.0,10.0,
Opa Locka,FL,4,opa locka fl corporate housing,0,,,,,,,,0.0,0.0,0.0,0.0,0.0,0.0,
Orange,CA,77,houses for rent by owner in tustin ca,1600,,,,,,,,140.0,210.0,590.0,260.0,90.0,1600.0,
Orange City,FL,8,houses for rent by owner orange city fl,10,,,,,,,,0.0,0.0,0.0,0.0,0.0,10.0,
Orange Park,FL,17,houses for rent by owner in orange park fl,2400,,,,,,,,0.0,10.0,30.0,20.0,0.0,2400.0,
Orinda,CA,12,orinda ca corporate housing,0,,,,,,,,0.0,0.0,0.0,0.0,0.0,0.0,
Orlando,FL,496,orlando fl short term rentals,1900,,,,,,,,480.0,880.0,1900.0,880.0,10.0,1900.0,170.0
Ormond Beach,FL,101,short term rentals ormond beach,140,,,,,,,,0.0,10.0,140.0,70.0,0.0,140.0,
Osprey,FL,2,for rent by owner osprey fl,20,,,,,,,,0.0,0.0,0.0,0.0,0.0,20.0,
Oviedo,FL,11,houses for rent by owner in oviedo fl,1600,,,,,,,,0.0,10.0,10.0,0.0,0.0,1600.0,
Oxford,FL,1,oxford fl corporate housing,0,,,,,,,,0.0,0.0,0.0,0.0,0.0,0.0,
Pace,FL,6,houses for rent by owner pace fl pet friendly,40,,,,,,,,0.0,0.0,0.0,10.0,0.0,40.0,
Palatka,FL,7,houses for rent by owner in palatka fl,1300,,,,,,,,0.0,0.0,0.0,50.0,0.0,1300.0,
Palm Bay,FL,73,houses for rent in palm bay by owner,320,,,,,,,,0.0,10.0,10.0,10.0,0.0,320.0,
Palm Beach,FL,7,short term apartment rentals west palm beach,590,,,,,,,,70.0,210.0,590.0,210.0,0.0,140.0,
Palm Beach Gardens,FL,44,palm beach gardens rentals by owner,110,,,,,,,,0.0,40.0,70.0,30.0,0.0,110.0,
Palm Beach Shores,FL,1,palm beach shores fl corporate housing,0,,,,,,,,0.0,0.0,0.0,0.0,0.0,0.0,
Palm City,FL,9,for rent by owner palm city fl,30,,,,,,,,0.0,0.0,0.0,0.0,0.0,30.0,
Palm Coast,FL,66,homes for rent by owner in palm coast fl,210,,,,,,,,0.0,20.0,140.0,90.0,0.0,210.0,
Palm Harbor,FL,43,houses for rent by owner in palm harbor fl,1900,,,,,,,,0.0,10.0,10.0,10.0,0.0,1900.0,
Palm Springs,CA,391,vacation rentals by owner palm springs california,2900,,,,,,,,30.0,140.0,880.0,390.0,0.0,2900.0,
Palm Springs,FL,2,for rent by owner palm springs fl,10,,,,,,,,0.0,0.0,0.0,0.0,0.0,10.0,
Palmetto,FL,34,house for rent by owner palmetto fl,1000,,,,,,,,0.0,0.0,0.0,30.0,0.0,1000.0,
Panama City,FL,78,panama city long term rentals,880,,,,,,,,10.0,30.0,170.0,70.0,0.0,320.0,
Panama City Beach,FL,270,long term rentals panama city beach,880,,,,,,,,10.0,90.0,260.0,320.0,0.0,590.0,
Park City,UT,45,long term rentals park city,390,,,,,,,,0.0,10.0,170.0,140.0,0.0,70.0,
Parkland,FL,7,for rent by owner parkland fl,10,,,,,,,,0.0,0.0,0.0,0.0,0.0,10.0,
Parrish,FL,16,houses for rent by owner in parrish fl,1000,,,,,,,,0.0,0.0,0.0,0.0,0.0,1000.0,
Pasadena,CA,81,pasadena ca short term rentals,320,,,,,,,,50.0,140.0,320.0,10.0,30.0,170.0,
Pembroke Pines,FL,33,pembroke pines apartments for rent by owner,110,,,,,,,,0.0,10.0,90.0,10.0,0.0,110.0,
Penn Yan,NY,15,penn yan ny corporate housing,0,,,,,,,,0.0,0.0,0.0,0.0,0.0,0.0,
Pensacola,FL,325,houses for rent by owner pensacola,9900,,,,,,,,50.0,260.0,390.0,140.0,0.0,9900.0,40.0
Pensacola Beach,FL,17,pensacola beach rentals by owner,320,,,,,,,,0.0,10.0,30.0,70.0,0.0,320.0,
Philadelphia,PA,644,philly short term rentals,1000,,,,,,,,260.0,720.0,1000.0,480.0,590.0,720.0,880.0
Phoenix,AZ,1468,phoenix az short term rentals,2400,,,,,,,,480.0,1900.0,2400.0,1600.0,10.0,1300.0,170.0
Pinellas Park,FL,21,pinellas park fl corporate housing,0,,,,,,,,0.0,0.0,0.0,0.0,0.0,0.0,
Placida,FL,1,placida fl corporate housing,0,,,,,,,,0.0,0.0,0.0,0.0,0.0,0.0,
Plant City,FL,11,for rent by owner plant city,70,,,,,,,,0.0,0.0,20.0,10.0,0.0,70.0,
Plantation,FL,33,houses for rent by owner in plantation fl,1600,,,,,,,,10.0,20.0,0.0,10.0,0.0,1600.0,
Poinciana,FL,8,poinciana houses for rent by owner,140,,,,,,,,0.0,0.0,0.0,0.0,0.0,140.0,
Polk City,FL,3,polk city fl corporate housing,0,,,,,,,,0.0,0.0,0.0,0.0,0.0,0.0,
Pompano Beach,FL,107,houses for rent by owner in pompano beach fl,2400,,,,,,,,0.0,50.0,320.0,110.0,0.0,2400.0,
Ponce Inlet,FL,1,ponce inlet monthly rentals,20,,,,,,,,0.0,0.0,0.0,20.0,0.0,0.0,
Ponte Vedra,FL,2,ponte vedra beach rentals long term,110,,,,,,,,0.0,20.0,40.0,20.0,0.0,40.0,
Ponte Vedra Beach,FL,19,ponte vedra beach rentals long term,110,,,,,,,,0.0,20.0,40.0,20.0,0.0,40.0,
Port Angeles,WA,103,houses for rent by owner in port angeles wa,1300,,,,,,,,0.0,0.0,70.0,10.0,0.0,1300.0,
Port Charlotte,FL,120,houses for rent by owner in port charlotte fl,2400,,,,,,,,0.0,20.0,110.0,50.0,0.0,2400.0,
Port Orange,FL,31,port orange house for rent by owner,210,,,,,,,,0.0,10.0,50.0,10.0,0.0,210.0,
Port Richey,FL,21,for rent by owner new port richey fl,50,,,,,,,,0.0,10.0,10.0,0.0,0.0,50.0,
Port Saint Joe,FL,15,port saint joe fl corporate housing,0,,,,,,,,0.0,0.0,0.0,0.0,0.0,0.0,
Port Saint Lucie,FL,129,short term rentals port st lucie,260,,,,,,,,0.0,50.0,260.0,50.0,0.0,260.0,
Port Salerno,FL,1,port salerno fl corporate housing,0,,,,,,,,0.0,0.0,0.0,0.0,0.0,0.0,
Port St. Lucie,FL,31,short term rentals port st lucie,260,,,,,,,,0.0,50.0,260.0,50.0,0.0,260.0,
Portland,ME,343,portland me short term rentals,880,,,,,,,,10.0,210.0,880.0,880.0,110.0,10.0,
Portland,OR,1969,portland short term rentals,1900,,,,,,,,260.0,720.0,1900.0,1900.0,260.0,720.0,70.0
Punta Gorda,FL,96,monthly rentals in punta gorda florida,210,,,,,,,,0.0,20.0,70.0,210.0,0.0,170.0,
Quincy,FL,1,homes for rent by owner in quincy fl,30,,,,,,,,0.0,0.0,0.0,0.0,0.0,30.0,
Raleigh,NC,500,houses for rent by owner raleigh,18100,,,,,,,,320.0,590.0,720.0,170.0,170.0,18100.0,880.0
Rancho Cucamonga,CA,47,houses for rent by owner in rancho cucamonga ca,4400,,,,,,,,10.0,30.0,50.0,0.0,0.0,4400.0,
Reddick,FL,1,reddick fl corporate housing,0,,,,,,,,0.0,0.0,0.0,0.0,0.0,0.0,
Redding,CA,255,houses for rent by owner in redding ca,4400,,,,,,,,0.0,70.0,10.0,40.0,0.0,4400.0,
Redington Beach,FL,2,monthly rentals redington beach fl,10,,,,,,,,0.0,0.0,0.0,10.0,0.0,0.0,
Redington Shores,FL,10,redington shores fl corporate housing,0,,,,,,,,0.0,0.0,0.0,0.0,0.0,0.0,
Redwood City,CA,121,furnished apartments in redwood city ca,70,,,,,,,,30.0,70.0,70.0,0.0,0.0,0.0,
Reunion,FL,7,reunion fl corporate housing,0,,,,,,,,0.0,0.0,0.0,0.0,0.0,0.0,
Rhinebeck,NY,3,rhinebeck ny corporate housing,0,,,,,,,,0.0,0.0,0.0,0.0,0.0,0.0,
Richardson,TX,36,richardson tx corporate housing,0,,,,,,,,0.0,0.0,0.0,0.0,0.0,0.0,
Richmond,VA,538,houses for rent by owner in richmond va,12100,,,,,,,,170.0,480.0,1000.0,170.0,140.0,12100.0,590.0
River Ranch,FL,1,river ranch fl corporate housing,0,,,,,,,,0.0,0.0,0.0,0.0,0.0,0.0,
Riverview,FL,58,homes for rent by owner riverview fl,210,,,,,,,,0.0,10.0,10.0,20.0,0.0,210.0,
Riviera Beach,FL,13,private owners for rent near riviera beach fl,30,,,,,,,,0.0,0.0,0.0,0.0,0.0,10.0,
Rockledge,FL,10,rockledge fl corporate housing,0,,,,,,,,0.0,0.0,0.0,0.0,0.0,0.0,
Rosemary Beach,FL,1,long term rentals rosemary beach fl,40,,,,,,,,0.0,0.0,0.0,10.0,0.0,0.0,
Rotonda West,FL,18,monthly rentals in rotonda west florida,210,,,,,,,,0.0,0.0,0.0,210.0,0.0,0.0,
Royal Palm Beach,FL,16,for rent by owner royal palm beach fl,50,,,,,,,,0.0,0.0,0.0,0.0,0.0,50.0,
Ruskin,FL,19,for rent by owner ruskin fl,40,,,,,,,,0.0,10.0,30.0,20.0,0.0,40.0,
Sacramento,CA,767,craigslist sacramento house for rent by owner,5400,,,,,,,,170.0,390.0,590.0,210.0,70.0,5400.0,90.0
Safety Harbor,FL,22,monthly rentals in safety harbor fl,30,,,,,,,,0.0,0.0,0.0,30.0,0.0,10.0,
Saint Augustine,FL,223,st augustine short term rentals,480,,,,,,,,0.0,50.0,480.0,390.0,0.0,50.0,
Saint Cloud,FL,37,houses for rent by owner in saint cloud fl,1900,,,,,,,,0.0,0.0,40.0,0.0,0.0,1900.0,
Saint Johns,FL,12,st johns county short term rentals,20,,,,,,,,0.0,0.0,20.0,0.0,0.0,0.0,
Saint Paul,MN,228,houses for rent by owner in st paul mn,3600,,,,,,,,0.0,210.0,40.0,30.0,0.0,3600.0,
Saint Pete Beach,FL,46,short term rentals st petersburg fl,590,,,,,,,,0.0,90.0,590.0,480.0,0.0,110.0,50.0
Saint Petersburg,FL,670,short term apartment rentals st petersburg fl,590,,,,,,,,50.0,320.0,590.0,480.0,20.0,110.0,50.0
Salem,OR,337,short term rentals salem ma,70,,,,,,,,10.0,0.0,70.0,0.0,0.0,0.0,
San Antonio,FL,5,san antonio fl corporate housing,0,,,,,,,,0.0,0.0,0.0,0.0,0.0,0.0,
San Antonio,TX,922,houses for rent in san antonio by owner,2400,,,,,,,,390.0,1300.0,1000.0,1900.0,110.0,2400.0,70.0
San Diego,CA,2396,short term rentals san diego,2900,,,,,,,,480.0,1000.0,2900.0,880.0,590.0,720.0,40.0
San Francisco,CA,1031,short term rentals san francisco,1900,,,,,,,,590.0,1600.0,1900.0,480.0,50.0,10.0,
San Jose,CA,621,short term rental san jose,720,,,,,,,,170.0,390.0,720.0,140.0,10.0,320.0,
San Luis Obispo,CA,160,short term rentals san luis obispo,170,,,,,,,,0.0,40.0,170.0,20.0,10.0,140.0,
San Mateo,CA,98,short term rentals san mateo,170,,,,,,,,30.0,70.0,170.0,10.0,10.0,50.0,
Sanford,FL,39,short term furnished rentals sanford fl,10,,,,,,,,0.0,10.0,10.0,10.0,0.0,0.0,
Sanibel,FL,3,sanibel monthly rentals,390,,,,,,,,0.0,0.0,10.0,390.0,0.0,20.0,
Santa Barbara,CA,303,santa barbara short term rental,480,,,,,,,,30.0,70.0,480.0,140.0,50.0,10.0,
Santa Cruz,CA,182,short term rentals santa cruz ca,320,,,,,,,,10.0,10.0,320.0,110.0,0.0,50.0,
Santa Fe,NM,388,houses for rent by owner santa fe,4400,,,,,,,,40.0,210.0,720.0,260.0,0.0,4400.0,
Santa Monica,CA,111,short term furnished rentals santa monica,720,,,,,,,,260.0,720.0,720.0,90.0,210.0,10.0,
Santa Rosa Beach,FL,41,long term rentals santa rosa beach fl,260,,,,,,,,0.0,0.0,20.0,30.0,0.0,40.0,
Sarasota,FL,435,rental houses in sarasota fl,8100,,,,,,,,50.0,260.0,880.0,390.0,10.0,480.0,
Satellite Beach,FL,26,houses for rent in satellite beach by owner,30,,,,,,,,0.0,0.0,20.0,10.0,0.0,30.0,
Satsuma,FL,2,satsuma fl corporate housing,0,,,,,,,,0.0,0.0,0.0,0.0,0.0,0.0,
Scottsdale,AZ,800,scottsdale az short term rentals,1000,,,,,,,,210.0,590.0,1000.0,390.0,10.0,260.0,
Seal Beach,CA,13,seal beach ca corporate housing,0,,,,,,,,0.0,0.0,0.0,0.0,0.0,0.0,
Seaside,CA,49,houses for rent seaside ca by owner,30,,,,,,,,0.0,10.0,0.0,0.0,0.0,30.0,
Seattle,WA,1996,seattle short term rentals,2400,,,,,,,,480.0,1300.0,2400.0,590.0,880.0,590.0,
Sebastian,FL,43,monthly rentals sebastian florida,40,,,,,,,,0.0,0.0,10.0,40.0,0.0,40.0,
Sebring,FL,70,houses for rent by owner in sebring fl,1600,,,,,,,,0.0,10.0,30.0,50.0,0.0,1600.0,
Seffner,FL,11,seffner fl corporate housing,0,,,,,,,,0.0,0.0,0.0,0.0,0.0,0.0,
Seminole,FL,44,for rent by owner seminole fl,70,,,,,,,,0.0,0.0,0.0,0.0,0.0,70.0,
Shalimar,FL,7,for rent by owner shalimar fl,10,,,,,,,,0.0,0.0,0.0,0.0,0.0,10.0,
Siesta Key,FL,10,furnished apartments for rent in siesta key fl,10,,,,,,,,0.0,10.0,0.0,0.0,0.0,0.0,
Silver Springs,FL,6,silver springs fl corporate housing,0,,,,,,,,0.0,0.0,0.0,0.0,0.0,0.0,
Sneads,FL,1,sneads fl corporate housing,0,,,,,,,,0.0,0.0,0.0,0.0,0.0,0.0,
Somerville,MA,63,sublet somerville ma,40,,,,,,,,0.0,10.0,0.0,0.0,40.0,40.0,
Sorrento,FL,1,for rent by owner sorrento fl,10,,,,,,,,0.0,0.0,0.0,0.0,0.0,10.0,
South Daytona,FL,8,south daytona fl corporate housing,0,,,,,,,,0.0,0.0,0.0,0.0,0.0,0.0,
South Lake Tahoe,CA,166,long term rentals south lake tahoe,590,,,,,,,,0.0,10.0,210.0,110.0,0.0,0.0,
South Pasadena,FL,9,south pasadena fl corporate housing,0,,,,,,,,0.0,0.0,0.0,0.0,0.0,0.0,
Southampton,NY,6,southampton ny rentals by owner,20,,,,,,,,0.0,0.0,0.0,0.0,0.0,20.0,
Southold,NY,2,southold ny corporate housing,0,,,,,,,,0.0,0.0,0.0,0.0,0.0,0.0,
Southwest Ranches,FL,2,southwest ranches fl corporate housing,0,,,,,,,,0.0,0.0,0.0,0.0,0.0,0.0,
Spokane,WA,455,spokane houses for rent by owner,880,,,,,,,,0.0,170.0,390.0,210.0,0.0,880.0,40.0
Spring Hill,FL,51,houses for rent by owner in spring hill fl,3600,,,,,,,,0.0,0.0,0.0,30.0,0.0,3600.0,
Springfield,MO,248,houses for rent by owner in springfield mo,8100,,,,,,,,0.0,260.0,170.0,170.0,0.0,8100.0,170.0
St. Lucie,FL,2,short term rentals port st lucie,260,,,,,,,,0.0,50.0,260.0,50.0,0.0,260.0,
Steamboat Springs,CO,59,steamboat springs long term rentals,390,,,,,,,,0.0,10.0,140.0,110.0,0.0,10.0,
Steinhatchee,FL,1,steinhatchee fl corporate housing,0,,,,,,,,0.0,0.0,0.0,0.0,0.0,0.0,
Stuart,FL,69,houses for rent by owner stuart fl,1900,,,,,,,,0.0,40.0,110.0,110.0,0.0,1900.0,
Summerfield,FL,13,summerfield fl corporate housing,0,,,,,,,,0.0,0.0,0.0,0.0,0.0,0.0,
Summerland Key,FL,2,summerland key fl corporate housing,0,,,,,,,,0.0,0.0,0.0,0.0,0.0,0.0,
Sumterville,FL,1,sumterville fl corporate housing,0,,,,,,,,0.0,0.0,0.0,0.0,0.0,0.0,
Sun City Center,FL,9,kings point sun city center rentals by owner,20,,,,,,,,0.0,0.0,0.0,10.0,0.0,20.0,
Sunny Isles Beach,FL,13,sunny isles short term rentals,170,,,,,,,,0.0,10.0,170.0,10.0,0.0,0.0,
Sunnyvale,CA,62,sunnyvale furnished apartments,140,,,,,,,,70.0,140.0,140.0,20.0,0.0,10.0,
Sunrise,FL,21,house for rent by owner in sunrise fl,170,,,,,,,,0.0,0.0,30.0,0.0,0.0,170.0,
Surfside,FL,2,monthly rentals in surfside florida,10,,,,,,,,0.0,0.0,0.0,10.0,0.0,0.0,
Tallahassee,FL,258,houses for rent by owner tallahassee,12100,,,,,,,,70.0,480.0,320.0,110.0,0.0,12100.0,40.0
Tamarac,FL,21,apartment for rent by owner in tamarac,70,,,,,,,,0.0,0.0,0.0,0.0,0.0,70.0,
Tampa,FL,631,frbo tampa,2900,,,,,,,,480.0,880.0,1600.0,720.0,260.0,880.0,210.0
Taos,NM,62,taos rentals long term,260,,,,,,,,0.0,10.0,20.0,70.0,0.0,140.0,
Tarpon Springs,FL,39,tarpon springs rentals by owner,170,,,,,,,,0.0,10.0,20.0,10.0,0.0,170.0,
Tavares,FL,5,houses for rent by owner in tavares fl,880,,,,,,,,0.0,10.0,0.0,0.0,0.0,880.0,
Tavernier,FL,8,tavernier fl corporate housing,0,,,,,,,,0.0,0.0,0.0,0.0,0.0,0.0,
Temple Terrace,FL,14,houses for rent by owner in temple terrace,10,,,,,,,,0.0,0.0,0.0,0.0,0.0,10.0,
Tequesta,FL,1,for rent by owner tequesta fl,10,,,,,,,,0.0,0.0,0.0,0.0,0.0,10.0,
Terra Ceia,FL,1,terra ceia fl corporate housing,0,,,,,,,,0.0,0.0,0.0,0.0,0.0,0.0,
The Villages,FL,64,houses for rent by owner the villages fl,3600,,,,,,,,0.0,140.0,210.0,1600.0,0.0,3600.0,
Thonotosassa,FL,2,for rent by owner thonotosassa fl,10,,,,,,,,0.0,0.0,0.0,0.0,0.0,10.0,
Tierra Verde,FL,2,tierra verde fl corporate housing,0,,,,,,,,0.0,0.0,0.0,0.0,0.0,0.0,
Titusville,FL,31,private owner rentals in titusville fl,260,,,,,,,,0.0,10.0,40.0,0.0,0.0,20.0,
Torrance,CA,87,houses for rent by owner in torrance,3600,,,,,,,,10.0,40.0,110.0,0.0,0.0,3600.0,
Treasure Island,FL,29,monthly rentals in treasure island florida,140,,,,,,,,0.0,0.0,10.0,140.0,0.0,30.0,
Trenton,FL,3,trenton fl corporate housing,0,,,,,,,,0.0,0.0,0.0,0.0,0.0,0.0,
Truckee,CA,42,long term rentals in truckee ca,320,,,,,,,,0.0,0.0,10.0,0.0,0.0,0.0,
Tucson,AZ,1216,furnished apartments in tucson az,1000,,,,,,,,140.0,1000.0,1000.0,590.0,0.0,1000.0,
Tulsa,OK,314,tulsa houses for rent by owner,12100,,,,,,,,110.0,320.0,320.0,110.0,0.0,12100.0,
Twentynine Palms,CA,23,houses for rent by owner in 29 palms ca,880,,,,,,,,0.0,0.0,0.0,0.0,0.0,880.0,
Umatilla,FL,3,for rent by owner umatilla fl,30,,,,,,,,0.0,0.0,0.0,0.0,0.0,30.0,
Vail,CO,5,vacation rental by owner vail colorado,480,,,,,,,,0.0,0.0,90.0,50.0,0.0,480.0,
Valparaiso,FL,2,valparaiso fl corporate housing,0,,,,,,,,0.0,0.0,0.0,0.0,0.0,0.0,
Valrico,FL,21,houses for rent in valrico fl by owner,40,,,,,,,,0.0,0.0,0.0,0.0,0.0,40.0,
Vancouver,WA,289,houses for rent in vancouver wa by owner,320,,,,,,,,30.0,50.0,260.0,70.0,0.0,320.0,40.0
Venice,FL,129,winter rentals in venice florida,390,,,,,,,,0.0,30.0,260.0,210.0,0.0,0.0,
Vero Beach,FL,105,vero beach short term rentals,320,,,,,,,,0.0,40.0,320.0,260.0,0.0,0.0,
Visalia,CA,134,houses for rent in visalia by owner,590,,,,,,,,0.0,20.0,30.0,0.0,0.0,590.0,
Wabasso,FL,1,wabasso fl corporate housing,0,,,,,,,,0.0,0.0,0.0,0.0,0.0,0.0,
Watkins Glen,NY,12,watkins glen ny corporate housing,0,,,,,,,,0.0,0.0,0.0,0.0,0.0,0.0,
Wauchula,FL,2,for rent by owner wauchula fl,10,,,,,,,,0.0,0.0,0.0,0.0,0.0,10.0,
Weeki Wachee,FL,11,houses for rent in weeki wachee fl by owner,30,,,,,,,,0.0,0.0,0.0,0.0,0.0,30.0,
Weirsdale,FL,3,weirsdale fl corporate housing,0,,,,,,,,0.0,0.0,0.0,0.0,0.0,0.0,
Welaka,FL,1,welaka fl corporate housing,0,,,,,,,,0.0,0.0,0.0,0.0,0.0,0.0,
Wellington,FL,30,houses for rent by owner in wellington fl,1600,,,,,,,,0.0,10.0,90.0,10.0,0.0,1600.0,
Wesley Chapel,FL,40,wesley chapel homes for rent by owner,210,,,,,,,,0.0,10.0,90.0,0.0,0.0,210.0,
West Hollywood,CA,59,west hollywood furnished apartments,320,,,,,,,,40.0,320.0,210.0,0.0,0.0,0.0,
West Hurley,NY,2,west hurley ny corporate housing,0,,,,,,,,0.0,0.0,0.0,0.0,0.0,0.0,
West Melbourne,FL,6,west melbourne fl corporate housing,0,,,,,,,,0.0,0.0,0.0,0.0,0.0,0.0,
West Palm Beach,FL,207,short term rentals west palm beach,590,,,,,,,,70.0,210.0,590.0,210.0,40.0,140.0,
West Park,FL,7,west park fl corporate housing,0,,,,,,,,0.0,0.0,0.0,0.0,0.0,0.0,
Westminster,CA,31,houses for rent by owner in westminster ca,10,,,,,,,,0.0,0.0,0.0,0.0,0.0,10.0,
Weston,FL,17,house for rent in weston fl by owner,30,,,,,,,,10.0,10.0,20.0,10.0,0.0,30.0,
Wheat Ridge,CO,101,for rent by owner wheat ridge co,50,,,,,,,,0.0,0.0,0.0,0.0,0.0,50.0,
Wildwood,FL,6,monthly rentals in wildwood fl,40,,,,,,,,0.0,0.0,0.0,40.0,0.0,10.0,
Williston,FL,1,williston fl corporate housing,0,,,,,,,,0.0,0.0,0.0,0.0,0.0,0.0,
Wilson,NY,1,wilson ny corporate housing,0,,,,,,,,0.0,0.0,0.0,0.0,0.0,0.0,
Wilton Manors,FL,12,wilton manors apartments for rent by owner,50,,,,,,,,0.0,0.0,0.0,0.0,0.0,50.0,
Wimauma,FL,8,for rent by owner wimauma fl,30,,,,,,,,0.0,0.0,0.0,0.0,0.0,30.0,
Windermere,FL,11,homes for rent in windermere fl by owner,110,,,,,,,,0.0,10.0,0.0,0.0,0.0,110.0,
Winter Garden,FL,11,houses for rent by owner in winter garden fl,3600,,,,,,,,0.0,10.0,30.0,10.0,0.0,3600.0,
Winter Haven,FL,68,house for rent by owner winter haven fl,4400,,,,,,,,0.0,20.0,50.0,30.0,0.0,4400.0,
Winter Park,FL,67,short term rentals winter park fl,590,,,,,,,,10.0,30.0,590.0,10.0,0.0,70.0,
Winter Springs,FL,11,houses for rent in winter springs by owner,50,,,,,,,,0.0,0.0,0.0,0.0,0.0,50.0,
Woodland Hills,CA,79,furnished apartments in woodland hills ca,140,,,,,,,,30.0,140.0,50.0,0.0,0.0,0.0,
Yankeetown,FL,2,yankeetown fl corporate housing,0,,,,,,,,0.0,0.0,0.0,0.0,0.0,0.0,
Youngstown,FL,1,for rent by owner youngstown fl,10,,,,,,,,0.0,0.0,0.0,0.0,0.0,10.0,
Yountville,CA,5,yountville ca corporate housing,0,,,,,,,,0.0,0.0,0.0,0.0,0.0,0.0,
Yulee,FL,11,short term rentals yulee fl,20,,,,,,,,0.0,0.0,20.0,20.0,0.0,0.0,
Zellwood,FL,1,zellwood fl corporate housing,0,,,,,,,,0.0,0.0,0.0,0.0,0.0,0.0,
Zephyrhills,FL,23,zephyrhills fl corporate housing,0,,,,,,,,0.0,0.0,0.0,0.0,0.0,0.0,
